audit_id,stratum,source_row,doc,collection,genre,orig_label,rel_type,same_sentence,unit1_ends_colon,unit1_ends_semicolon,isocolon_score,length_score,syntax_score,lexical_score,word_len_1,word_len_2,unit1_text,unit2_text,human_isocolonic,formal_parallelism,rhetorically_relevant,genuine_comparison_or_coordination,false_positive_repetition,false_positive_list_formatting,false_positive_dialogue_formula,false_positive_template_or_quote,bad_segmentation,notes
QC001,high_broad_target,4281,GUM_textbook_chemistry,GUM,textbook,joint-list,implicit,0,0,0,0.8662,0.9156,0.875,0.7083,8,7,State the postulates of Dalton’s atomic theory,Use postulates of Dalton’s atomic theory,,,,,,,,,,
QC002,high_broad_target,9072,GUM_fiction_moon,GUM,fiction,joint-list,implicit,1,0,0,0.8602,0.963,1.0,0.1667,3,3,"Silent and sparkling,","bright and baleful,",,,,,,,,,,
QC003,high_broad_target,14896,GUM_textbook_stats,GUM,textbook,joint-list,explicit,1,0,0,0.8595,0.9343,0.8974,0.5462,12,13,"The first quartile, Q1, is the same as the 25th percentile,","and the third quartile, Q3, is the same as the 75th percentile.",,,,,,,,,,
QC004,high_broad_target,17324,GUM_whow_quidditch,GUM,whow,joint-list,implicit,0,0,0,0.85,1.0,1.0,0.0,2,2,3 Chasers,2 Beaters,no,strong,no,uncertain,no,uncertain,no,uncertain,no,
QC005,high_broad_target,6854,GUM_conversation_gossip,GUM,conversation,joint-list,implicit,0,0,0,0.85,1.0,1.0,0.0,1,1,Um.,Oh.,,,,,,,,,,
QC006,high_broad_target,142,GENTLE_dictionary_trust,GENTLE,dictionary,joint-list,implicit,0,0,0,0.85,1.0,1.0,0.0,1,1,distrust,mistrust,,,,,,,,,,
QC007,mid_broad_target,17076,GUM_whow_languages,GUM,whow,joint-list,explicit,1,0,0,0.4636,0.784,0.3333,0.0,8,6,you can use this language as a model,and change some letters or sounds,,,,,,,,,,
QC008,mid_broad_target,9886,GUM_interview_dungeon,GUM,interview,joint-list,explicit,1,0,0,0.412,0.78,0.2222,0.0,5,6,to look at sensitive material,and not get caught with it.,no,weak,yes,yes,no,no,no,no,no,
QC009,mid_broad_target,13558,GUM_speech_albania,GUM,speech,joint-list,explicit,1,0,0,0.4706,0.8327,0.3056,0.0,10,12,It welcomed Albania's contribution to regional stability and cooperation,"and committed to assess our further progress at the next NATO summit,",,,,,,,,,,
QC010,mid_broad_target,11583,GUM_news_hackers,GUM,news,joint-list,explicit,1,0,0,0.4708,0.9271,0.2222,0.0,6,6,to overload/create malformed strings,"and crash a website’s database,""",no,weak,no,yes,no,no,no,no,no,
QC011,mid_broad_target,9796,GUM_interview_daly,GUM,interview,joint-list,explicit,1,0,0,0.4806,0.8077,0.3333,0.05,10,7,The samples we have are small in terms of numbers,and they are all preserved in formalin,,,,,,,,,,
QC012,mid_broad_target,3619,GUM_fiction_teeth,GUM,fiction,joint-list,implicit,1,0,0,0.4348,0.7121,0.3333,0.0,1,1,"— drawing,","electronics,",,,,,,,,,,
QC013,narrow_antithesis_contrast,9199,GUM_fiction_pag,GUM,fiction,adversative-contrast,implicit,0,0,0,0.5091,0.7103,0.5,0.0,4,3,One thing lay motionless.,The other moaned,,,,,,,,,,
QC014,narrow_antithesis_contrast,16826,GUM_whow_basil,GUM,whow,adversative-antithesis,explicit,1,0,0,0.3719,0.9296,0.0,0.0,10,9,"Don't pinch on the lower part of the stem,",or the basil plants will grow tall and reedy.,,,,,,,,,,
QC015,narrow_antithesis_contrast,5952,GUM_bio_moreau,GUM,bio,adversative-contrast,explicit,1,0,0,0.5257,0.8642,0.4,0.0,10,10,"After 1949, she began appearing in films with small parts",but continued primarily active in the theatre for several years,no,weak,no,yes,no,no,no,no,no,
QC016,narrow_antithesis_contrast,15999,GUM_voyage_cleveland,GUM,voyage,adversative-contrast,explicit,0,0,0,0.4113,0.6728,0.2778,0.1144,18,11,"Like most U.S. cities, Cleveland proper began to lose population to suburban areas in the 1960s and 1970s.","However, in the mid-1980s, Cleveland earned the nickname the ""Comeback City""",,,,,,,,,,
QC017,narrow_antithesis_contrast,17250,GUM_whow_quidditch,GUM,whow,adversative-contrast,explicit,1,0,0,0.4881,0.7829,0.3519,0.1111,14,18,"In the past Muggle Quidditch has mainly been played at colleges in the US,",but over the last few years there has been a dramatic rise in the number of community teams.,,,,,,,,,,
QC018,narrow_antithesis_contrast,6719,GUM_conversation_family,GUM,conversation,adversative-antithesis,implicit,0,0,0,0.3858,0.4854,0.4074,0.0556,9,5,Now you won't be able to touch Jonathan.,Just don't tell him.,,,,,,,,,,
QC019,narrow_antithesis_contrast,6301,GUM_conversation_atoms,GUM,conversation,adversative-antithesis,implicit,0,0,0,0.7833,0.8333,1.0,0.0,1,1,Ocho.,Seis.,no,strong,no,uncertain,no,uncertain,no,uncertain,no,
QC020,narrow_antithesis_contrast,14574,GUM_textbook_evoethics,GUM,textbook,adversative-antithesis,explicit,0,0,0,0.4521,0.9429,0.1667,0.0,10,9,that such a coincidence would be too much to believe.,"But what is the problem, exactly, with having beliefs",,,,,,,,,,
QC021,dialogue_echo_candidate,10212,GUM_interview_messina,GUM,interview,attribution-positive,implicit,1,0,0,0.5917,0.9167,0.5,0.0,2,2,that read,We Know'.,,,,,,,,,,
QC022,dialogue_echo_candidate,6837,GUM_conversation_gossip,GUM,conversation,topic-question,implicit,0,0,0,0.705,0.9188,0.5,0.75,4,4,are you a righty?,You're a righty.,,,,,,,,,,
QC023,dialogue_echo_candidate,6908,GUM_conversation_scientist,GUM,conversation,elaboration-additional,implicit,1,0,0,0.5364,0.6534,0.4444,0.5,5,6,"But they're doing it,",they're doing it with mathematics.,,,,,,,,,,
QC024,dialogue_echo_candidate,12135,GUM_podcast_brave,GUM,podcast,organization-phatic,implicit,1,0,0,0.7306,0.8889,0.7333,0.3,5,5,"I don't have any,",I don't know firsthand.,no,moderate,no,no,no,no,no,no,no,
QC025,dialogue_echo_candidate,7055,GUM_conversation_toys,GUM,conversation,organization-phatic,implicit,0,0,0,0.7833,0.8333,1.0,0.0,1,1,Oh.,Hunh?,,,,,,,,,,
QC026,dialogue_echo_candidate,12053,GUM_podcast_blackholes,GUM,podcast,topic-question,implicit,0,0,0,0.5653,0.8507,0.375,0.375,8,7,it's the event horizon of our knowledge?,This is kind of the event horizon.,yes,moderate,yes,no,no,no,no,no,no,
QC027,comparative_concession,4379,GUM_textbook_union,GUM,textbook,adversative-concession,explicit,1,0,0,0.4212,0.9459,0.0952,0.0,7,7,"Although many Black soldiers saw combat duty,",these factors affected the types of tasks,,,,,,,,,,
QC028,comparative_concession,11586,GUM_news_hackers,GUM,news,adversative-concession,explicit,1,0,0,0.3963,0.9074,0.0741,0.0,9,7,"As of 15:11 GMT the site was accessible again,","but only loads at relatively slow speeds,",,,,,,,,,,
QC029,comparative_concession,15163,GUM_vlog_covid,GUM,vlog,adversative-concession,explicit,1,0,0,0.6384,0.8014,0.5238,0.5476,7,6,"Even though I was wearing a mask,","she wasn't wearing a mask,",,,,,,,,,,
QC030,comparative_concession,13196,GUM_reddit_racial,GUM,reddit,adversative-concession,explicit,1,0,0,0.4217,0.6667,0.2222,0.3667,15,15,__ ____ ____ ____ ___ __ __ _____ __ _______ _____________ __ ___ ________,____ __ _ ________ ______ __ ____ __ _______ ______ ____ ___ __ __________,no,none,no,no,no,yes,no,no,no,
QC031,comparative_concession,10914,GUM_letter_marcie3,GUM,letter,adversative-concession,explicit,1,0,0,0.5026,0.919,0.3,0.0,10,9,"He’s trying to go the next session; Sept 29th,",but won’t hear for another week or two.,,,,,,,,,,
QC032,high_non_target_artifact,13632,GUM_speech_data,GUM,speech,joint-sequence,explicit,0,0,0,0.8074,0.7917,1.0,0.2714,5,5,"Then, <*> we encourage cross-sectoral partnerships.","Then, <*> we make open innovations",,,,,,,,,,
QC033,high_non_target_artifact,228,GENTLE_esports_fifa,GENTLE,esports,joint-sequence,implicit,1,0,0,0.8021,0.9052,0.8889,0.2667,3,3,Paquetá scoring one,Jović scoring two,,,,,,,,,,
QC034,high_non_target_artifact,1627,GUM_court_negligence,GUM,court,causal-cause,explicit,1,0,0,0.7871,0.8429,1.0,0.0,2,2,of disgorgement,for wrongdoing.,,,,,,,,,,
QC035,high_non_target_artifact,914,GENTLE_syllabus_opensource,GENTLE,syllabus,joint-sequence,implicit,0,0,0,0.7854,0.9524,0.8333,0.1964,4,4,Quiz 1 1st July,Quiz 2 9th August,,,,,,,,,,
QC036,high_non_target_artifact,6722,GUM_conversation_family,GUM,conversation,joint-other,implicit,0,0,0,0.7833,0.8333,1.0,0.0,1,1,Oh.,Well –,,,,,,,,,,
QC037,restatement_repetition_control,15305,GUM_vlog_exams,GUM,vlog,restatement-repetition,implicit,1,0,0,1.0,1.0,1.0,1.0,3,3,Belgian dark chocolate.,Belgian dark chocolate.,,,,,,,,,,
QC038,restatement_repetition_control,6272,GUM_conversation_atoms,GUM,conversation,restatement-repetition,implicit,1,0,0,1.0,1.0,1.0,1.0,1,1,One.,One.,,,,,,,,,,
QC039,restatement_repetition_control,15047,GUM_vlog_appearance,GUM,vlog,restatement-repetition,implicit,1,0,0,1.0,1.0,1.0,1.0,3,3,I'm trying.,I'm trying.,,,,,,,,,,
QC040,restatement_repetition_control,6745,GUM_conversation_family,GUM,conversation,restatement-repetition,implicit,1,0,0,1.0,1.0,1.0,1.0,2,2,Doctor Spock.,Doctor Spock.,,,,,,,,,,
