audit_id	stratum	unit1_text	unit2_text	human_isocolonic	formal_parallelism	rhetorically_relevant	genuine_comparison_or_coordination	false_positive_repetition	false_positive_list_formatting	false_positive_dialogue_formula	false_positive_template_or_quote	bad_segmentation	notes	agent_yes	agent_no	agent_uncertain	agent_majority	agent_majority_n	agent_codes
QC004	high_broad_target	3 Chasers	2 Beaters	no	strong	no	uncertain	no	uncertain	no	uncertain	no		2	1	1	yes	2	codex_batch3_1:yes; codex_batch3_2:yes; opus_batch3_1:uncertain; opus_batch3_2:no
QC008	mid_broad_target	to look at sensitive material	and not get caught with it.	no	weak	yes	yes	no	no	no	no	no		2	2	0	no/yes	2	codex_batch3_1:yes; codex_batch3_2:yes; opus_batch3_1:no; opus_batch3_2:no
QC010	mid_broad_target	to overload/create malformed strings	"and crash a website’s database,"""	no	weak	no	yes	no	no	no	no	no		2	2	0	no/yes	2	codex_batch3_1:yes; codex_batch3_2:yes; opus_batch3_1:no; opus_batch3_2:no
QC015	narrow_antithesis_contrast	After 1949, she began appearing in films with small parts	but continued primarily active in the theatre for several years	no	weak	no	yes	no	no	no	no	no		2	2	0	no/yes	2	codex_batch3_1:no; codex_batch3_2:no; opus_batch3_1:yes; opus_batch3_2:yes
QC019	narrow_antithesis_contrast	Ocho.	Seis.	no	strong	no	uncertain	no	uncertain	no	uncertain	no		0	0	4	uncertain	4	codex_batch3_1:uncertain; codex_batch3_2:uncertain; opus_batch3_1:uncertain; opus_batch3_2:uncertain
QC024	dialogue_echo_candidate	I don't have any,	I don't know firsthand.	no	moderate	no	no	no	no	no	no	no		2	1	1	yes	2	codex_batch3_1:no; codex_batch3_2:yes; opus_batch3_1:yes; opus_batch3_2:uncertain
QC026	dialogue_echo_candidate	it's the event horizon of our knowledge?	This is kind of the event horizon.	yes	moderate	yes	no	no	no	no	no	no		1	2	1	no	2	codex_batch3_1:yes; codex_batch3_2:no; opus_batch3_1:uncertain; opus_batch3_2:no
QC030	comparative_concession	__ ____ ____ ____ ___ __ __ _____ __ _______ _____________ __ ___ ________	____ __ _ ________ ______ __ ____ __ _______ ______ ____ ___ __ __________	no	none	no	no	no	yes	no	no	no		0	0	4	uncertain	4	codex_batch3_1:uncertain; codex_batch3_2:uncertain; opus_batch3_1:uncertain; opus_batch3_2:uncertain
