audit_id,stratum,source_row,doc,collection,genre,orig_label,rel_type,same_sentence,unit1_ends_colon,unit1_ends_semicolon,isocolon_score,length_score,syntax_score,lexical_score,word_len_1,word_len_2,unit1_text,unit2_text,human_isocolonic,formal_parallelism,rhetorically_relevant,genuine_comparison_or_coordination,false_positive_repetition,false_positive_list_formatting,false_positive_dialogue_formula,false_positive_template_or_quote,bad_segmentation,notes,agent_yes,agent_no,agent_uncertain,agent_majority,agent_majority_n,agent_codes
QC004,high_broad_target,17324,GUM_whow_quidditch,GUM,whow,joint-list,implicit,0,0,0,0.85,1,1,0,2,2,3 Chasers,2 Beaters,no,strong,no,uncertain,no,uncertain,no,uncertain,no,,2,1,1,yes,2,codex_batch3_1:yes; codex_batch3_2:yes; opus_batch3_1:uncertain; opus_batch3_2:no
QC008,mid_broad_target,9886,GUM_interview_dungeon,GUM,interview,joint-list,explicit,1,0,0,0.412,0.78,0.2222,0,5,6,to look at sensitive material,and not get caught with it.,no,weak,yes,yes,no,no,no,no,no,,2,2,0,no/yes,2,codex_batch3_1:yes; codex_batch3_2:yes; opus_batch3_1:no; opus_batch3_2:no
QC010,mid_broad_target,11583,GUM_news_hackers,GUM,news,joint-list,explicit,1,0,0,0.4708,0.9271,0.2222,0,6,6,to overload/create malformed strings,"and crash a website’s database,""",no,weak,no,yes,no,no,no,no,no,,2,2,0,no/yes,2,codex_batch3_1:yes; codex_batch3_2:yes; opus_batch3_1:no; opus_batch3_2:no
QC015,narrow_antithesis_contrast,5952,GUM_bio_moreau,GUM,bio,adversative-contrast,explicit,1,0,0,0.5257,0.8642,0.4,0,10,10,"After 1949, she began appearing in films with small parts",but continued primarily active in the theatre for several years,no,weak,no,yes,no,no,no,no,no,,2,2,0,no/yes,2,codex_batch3_1:no; codex_batch3_2:no; opus_batch3_1:yes; opus_batch3_2:yes
QC019,narrow_antithesis_contrast,6301,GUM_conversation_atoms,GUM,conversation,adversative-antithesis,implicit,0,0,0,0.7833,0.8333,1,0,1,1,Ocho.,Seis.,no,strong,no,uncertain,no,uncertain,no,uncertain,no,,0,0,4,uncertain,4,codex_batch3_1:uncertain; codex_batch3_2:uncertain; opus_batch3_1:uncertain; opus_batch3_2:uncertain
QC024,dialogue_echo_candidate,12135,GUM_podcast_brave,GUM,podcast,organization-phatic,implicit,1,0,0,0.7306,0.8889,0.7333,0.3,5,5,"I don't have any,",I don't know firsthand.,no,moderate,no,no,no,no,no,no,no,,2,1,1,yes,2,codex_batch3_1:no; codex_batch3_2:yes; opus_batch3_1:yes; opus_batch3_2:uncertain
QC026,dialogue_echo_candidate,12053,GUM_podcast_blackholes,GUM,podcast,topic-question,implicit,0,0,0,0.5653,0.8507,0.375,0.375,8,7,it's the event horizon of our knowledge?,This is kind of the event horizon.,yes,moderate,yes,no,no,no,no,no,no,,1,2,1,no,2,codex_batch3_1:yes; codex_batch3_2:no; opus_batch3_1:uncertain; opus_batch3_2:no
QC030,comparative_concession,13196,GUM_reddit_racial,GUM,reddit,adversative-concession,explicit,1,0,0,0.4217,0.6667,0.2222,0.3667,15,15,__ ____ ____ ____ ___ __ __ _____ __ _______ _____________ __ ___ ________,____ __ _ ________ ______ __ ____ __ _______ ______ ____ ___ __ __________,no,none,no,no,no,yes,no,no,no,,0,0,4,uncertain,4,codex_batch3_1:uncertain; codex_batch3_2:uncertain; opus_batch3_1:uncertain; opus_batch3_2:uncertain